{
  "version": 1,
  "config": {
    "particle_mass": 1.0,
    "max_spring_dist": 0.35,
    "floor_y": -0.5,
    "floor_enabled": true,
    "gravity_enabled": true,
    "springs_enabled": true,
    "damping_enabled": true,
    "gravity_g": -9.800000190734863,
    "damping_stiffness": 1.0,
    "time_step": 0.00019999999494757503,
    "spring_stiffness": 100.0,
    "floor_bounce": 1.0
  },
  "state": {
    "pos": [
      [
        -0.34634146094322205,
        0.17000000178813934
      ],
      [
        0.1170731708407402,
        0.18000000715255737
      ],
      [
        -0.12682926654815674,
        0.3675000071525574
      ]
    ],
    "vel": [
      [
        0.0,
        0.0
      ],
      [
        0.0,
        0.0
      ],
      [
        0.0,
        0.0
      ]
    ],
    "mass": [
      1000000.0,
      1000000.0,
      1.0
    ],
    "fixed": [
      true,
      true,
      false
    ],
    "edges": [
      [
        0,
        2
      ],
      [
        1,
        2
      ]
    ],
    "rest_len": [
      0.29528266191482544,
      0.30764371156692505
    ],
    "edge_k": [
      338.37664794921875,
      399.5268249511719
    ]
  }
}