{
  "version": 1,
  "config": {
    "particle_mass": 1.0,
    "max_spring_dist": 0.35,
    "floor_y": -0.5,
    "floor_enabled": true,
    "gravity_enabled": true,
    "springs_enabled": true,
    "damping_enabled": true,
    "gravity_g": -9.800000190734863,
    "damping_stiffness": 1.0,
    "time_step": 0.00019999999494757503,
    "spring_stiffness": 100.0,
    "floor_bounce": 1.0
  },
  "state": {
    "pos": [
      [
        1.34221613407135,
        0.14851237833499908
      ],
      [
        -0.6732008457183838,
        0.4494997560977936
      ],
      [
        -0.965670645236969,
        0.3401924669742584
      ],
      [
        -0.43595150113105774,
        -0.038623031228780746
      ],
      [
        1.6948211193084717,
        0.4658668339252472
      ],
      [
        -0.5813536047935486,
        -0.35194072127342224
      ],
      [
        1.4208593368530273,
        0.34851938486099243
      ],
      [
        0.08799318969249725,
        0.1997271180152893
      ],
      [
        0.1928386241197586,
        -0.22038139402866364
      ],
      [
        0.3299293518066406,
        -0.3873497247695923
      ],
      [
        -1.8677064180374146,
        -0.4051332175731659
      ],
      [
        1.8756295442581177,
        0.2884654402732849
      ],
      [
        -0.47447240352630615,
        0.016923971474170685
      ],
      [
        -0.2712426483631134,
        -0.3462662994861603
      ],
      [
        -0.769326388835907,
        -0.06591396033763885
      ],
      [
        1.1470005512237549,
        0.24349063634872437
      ],
      [
        -1.1536412239074707,
        0.2851335406303406
      ],
      [
        -1.1823337078094482,
        0.855648934841156
      ],
      [
        -1.7623217105865479,
        0.14440539479255676
      ],
      [
        1.780755639076233,
        -0.16990163922309875
      ]
    ],
    "vel": [
      [
        0.0,
        0.0
      ],
      [
        0.0,
        0.0
      ],
      [
        0.0,
        0.0
      ],
      [
        0.0,
        0.0
      ],
      [
        0.0,
        0.0
      ],
      [
        0.0,
        0.0
      ],
      [
        0.0,
        0.0
      ],
      [
        0.0,
        0.0
      ],
      [
        0.0,
        0.0
      ],
      [
        0.0,
        0.0
      ],
      [
        0.0,
        0.0
      ],
      [
        0.0,
        0.0
      ],
      [
        0.0,
        0.0
      ],
      [
        0.0,
        0.0
      ],
      [
        0.0,
        0.0
      ],
      [
        0.0,
        0.0
      ],
      [
        0.0,
        0.0
      ],
      [
        0.0,
        0.0
      ],
      [
        0.0,
        0.0
      ],
      [
        0.0,
        0.0
      ]
    ],
    "mass": [
      0.1556450724601745,
      1000000.0,
      1000000.0,
      0.1716297566890716,
      0.1204398721456527,
      0.6294821500778198,
      1000000.0,
      2.8712873458862305,
      1.1552276611328125,
      2.754261016845703,
      0.2103876918554306,
      0.1693680584430694,
      1000000.0,
      1000000.0,
      2.645587921142578,
      3.2357423305511475,
      1.6546344757080078,
      2.6866695880889893,
      0.308358371257782,
      1.257243275642395
    ],
    "fixed": [
      false,
      true,
      true,
      false,
      false,
      false,
      true,
      false,
      false,
      false,
      false,
      false,
      true,
      true,
      false,
      false,
      false,
      false,
      false,
      false
    ],
    "edges": [
      [
        0,
        1
      ],
      [
        0,
        2
      ],
      [
        0,
        4
      ],
      [
        0,
        19
      ],
      [
        2,
        3
      ],
      [
        2,
        5
      ],
      [
        2,
        17
      ],
      [
        3,
        6
      ],
      [
        3,
        8
      ],
      [
        3,
        12
      ],
      [
        4,
        6
      ],
      [
        4,
        11
      ],
      [
        5,
        7
      ],
      [
        5,
        10
      ],
      [
        5,
        13
      ],
      [
        5,
        14
      ],
      [
        6,
        15
      ],
      [
        7,
        8
      ],
      [
        8,
        9
      ],
      [
        10,
        18
      ],
      [
        14,
        16
      ],
      [
        16,
        18
      ]
    ],
    "rest_len": [
      2.0377681255340576,
      2.31583309173584,
      0.4743882417678833,
      0.5419450998306274,
      0.6512323617935181,
      0.7916741371154785,
      0.559140682220459,
      1.8967407941818237,
      0.6545327305793762,
      0.06759681552648544,
      0.2980360984802246,
      0.25330400466918945,
      0.8673883080482483,
      1.287452220916748,
      0.31016284227371216,
      0.34226465225219727,
      0.29330819845199585,
      0.43299391865730286,
      0.21603772044181824,
      0.5595521926879883,
      0.5205115079879761,
      0.6247369647026062
    ],
    "edge_k": [
      215.5442352294922,
      184.76138305664065,
      202.87391662597656,
      201.14781188964844,
      163.65919494628906,
      101.83486938476562,
      69.88294982910156,
      205.32472229003903,
      212.9624481201172,
      1574.5672607421875,
      429.2599182128906,
      414.4926452636719,
      9.999999747378752e-05,
      80.58958435058594,
      390.3267822265625,
      211.04122924804688,
      128.60787963867188,
      196.26593017578125,
      393.5917663574219,
      433.2584228515625,
      195.75486755371097,
      117.15390014648438
    ]
  }
}