{
  "version": 1,
  "config": {
    "particle_mass": 1.0,
    "max_spring_dist": 0.35,
    "floor_y": -0.5,
    "floor_enabled": true,
    "gravity_enabled": true,
    "springs_enabled": true,
    "damping_enabled": true,
    "gravity_g": -9.800000190734863,
    "damping_stiffness": 1.0,
    "time_step": 0.00019999999494757503,
    "spring_stiffness": 100.0,
    "floor_bounce": 1.0
  },
  "state": {
    "pos": [
      [
        1.34221613407135,
        0.14851237833499908
      ],
      [
        -0.6732008457183838,
        0.4494997560977936
      ],
      [
        -0.965670645236969,
        0.3401924669742584
      ],
      [
        -0.43595150113105774,
        -0.038623031228780746
      ],
      [
        1.6948211193084717,
        0.4658668339252472
      ],
      [
        -0.5813536047935486,
        -0.35194072127342224
      ],
      [
        1.4208593368530273,
        0.34851938486099243
      ],
      [
        0.08799318969249725,
        0.1997271180152893
      ],
      [
        0.1928386241197586,
        -0.22038139402866364
      ],
      [
        0.3299293518066406,
        -0.3873497247695923
      ],
      [
        -1.8677064180374146,
        -0.4051332175731659
      ],
      [
        1.8756295442581177,
        0.2884654402732849
      ],
      [
        -0.47447240352630615,
        0.016923971474170685
      ],
      [
        -0.2712426483631134,
        -0.3462662994861603
      ],
      [
        -0.769326388835907,
        -0.06591396033763885
      ],
      [
        1.1470005512237549,
        0.24349063634872437
      ],
      [
        -1.1536412239074707,
        0.2851335406303406
      ],
      [
        -1.1823337078094482,
        0.855648934841156
      ],
      [
        -1.7623217105865479,
        0.14440539479255676
      ],
      [
        1.780755639076233,
        -0.16990163922309875
      ]
    ],
    "vel": [
      [
        0.0,
        0.0
      ],
      [
        0.0,
        0.0
      ],
      [
        0.0,
        0.0
      ],
      [
        0.0,
        0.0
      ],
      [
        0.0,
        0.0
      ],
      [
        0.0,
        0.0
      ],
      [
        0.0,
        0.0
      ],
      [
        0.0,
        0.0
      ],
      [
        0.0,
        0.0
      ],
      [
        0.0,
        0.0
      ],
      [
        0.0,
        0.0
      ],
      [
        0.0,
        0.0
      ],
      [
        0.0,
        0.0
      ],
      [
        0.0,
        0.0
      ],
      [
        0.0,
        0.0
      ],
      [
        0.0,
        0.0
      ],
      [
        0.0,
        0.0
      ],
      [
        0.0,
        0.0
      ],
      [
        0.0,
        0.0
      ],
      [
        0.0,
        0.0
      ]
    ],
    "mass": [
      0.09921605885028839,
      7.482443809509277,
      0.7295840978622437,
      0.1490040421485901,
      0.1758926808834076,
      1.627434492111206,
      19.21343421936035,
      19.555889129638672,
      1.2374733686447144,
      14.702244758605957,
      0.39557915925979614,
      0.1942729651927948,
      1.364432692527771,
      3.8456103801727295,
      2.112877368927002,
      8.432040214538574,
      1.7924425601959229,
      22.272205352783203,
      0.45822811126708984,
      1.1547961235046387
    ],
    "fixed": [
      false,
      true,
      true,
      false,
      false,
      false,
      true,
      false,
      false,
      false,
      false,
      false,
      true,
      true,
      false,
      false,
      false,
      false,
      false,
      false
    ],
    "edges": [
      [
        0,
        1
      ],
      [
        0,
        2
      ],
      [
        0,
        4
      ],
      [
        0,
        19
      ],
      [
        2,
        3
      ],
      [
        2,
        5
      ],
      [
        2,
        17
      ],
      [
        3,
        6
      ],
      [
        3,
        8
      ],
      [
        3,
        12
      ],
      [
        4,
        6
      ],
      [
        4,
        11
      ],
      [
        5,
        7
      ],
      [
        5,
        10
      ],
      [
        5,
        13
      ],
      [
        5,
        14
      ],
      [
        6,
        15
      ],
      [
        7,
        8
      ],
      [
        8,
        9
      ],
      [
        10,
        18
      ],
      [
        14,
        16
      ],
      [
        16,
        18
      ]
    ],
    "rest_len": [
      2.0377681255340576,
      2.31583309173584,
      0.4743882417678833,
      0.5419450998306274,
      0.6512323617935181,
      0.7916741371154785,
      0.559140682220459,
      1.8967407941818237,
      0.6545327305793762,
      0.06759681552648544,
      0.2980360984802246,
      0.25330400466918945,
      0.8673883080482483,
      1.287452220916748,
      0.31016284227371216,
      0.34226465225219727,
      0.29330819845199585,
      0.43299391865730286,
      0.21603772044181824,
      0.5595521926879883,
      0.5205115079879761,
      0.6247369647026062
    ],
    "edge_k": [
      178.32623291015625,
      152.60134887695312,
      97.81233215332031,
      176.08900451660156,
      43.427696228027344,
      251.6863250732422,
      757.9745483398438,
      275.7694091796875,
      227.41827392578125,
      1675.4384765625,
      385.60467529296875,
      444.6737060546875,
      291.8665466308594,
      42.355289459228516,
      1555.4464111328125,
      244.28414916992188,
      549.1197509765625,
      231.8719482421875,
      431.5220642089844,
      495.4895324707031,
      296.1592102050781,
      82.14342498779297
    ]
  }
}